insert into usuario(email, password, nombres, apellidos) values ('correovalido2@gmail.com', '$2a$10$aMqbESjKZtuzrsr0hCK/yeifsJofg5iSQG2IzJqaGe1v7eGbJSYa.', 'Alvaro', 'Gonzales');

insert into Categoria(nombre_categoria) values ('Iphone'), ('Ipad'), ('Mac');
insert into categoria_producto(nombre_producto, imagen_1,imagen_2, imagen_3, imagen_4, categoria, descripcion, precio, tamano_pantalla, modelo_chip, camara, sistema_operativo, bateria, conectividad, ram)
       values ('iPhone 12', 'https://store.storeimages.cdn-apple.com/4982/as-images.apple.com/is/iphone-12-finish-unselect-gallery-1-202207_GEO_US?wid=2560&hei=1440&fmt=p-jpg&qlt=80&.v=1662129048006',
       'https://store.storeimages.cdn-apple.com/4982/as-images.apple.com/is/iphone-12-finish-unselect-gallery-2-202207?wid=2560&hei=1440&fmt=p-jpg&qlt=80&.v=1662129021500', 'https://store.storeimages.cdn-apple.com/4982/as-images.apple.com/is/iphone-12-finish-unselect-gallery-3-202207_GEO_US?wid=2560&hei=1440&fmt=p-jpg&qlt=80&.v=1662128988137',
       'https://store.storeimages.cdn-apple.com/4982/as-images.apple.com/is/iphone-12-finish-unselect-gallery-4-202207?wid=2560&hei=1440&fmt=p-jpg&qlt=80&.v=1662128967910',
       'Iphone','El iPhone 12 se estrenó con iOS 14 y funciona con el procesador Apple A14 Bionic. Soporta redes 5G​ para mayor velocidad, con la capacidad de cambiar automáticamente a LTE según sea necesario para conservar la vida útil de la batería. La pantalla contiene aproximadamente el doble de píxeles que el iPhone 11 con una relación de contraste de 2,000,000:1 y un rendimiento de caída 4 veces superior al de los modelos anteriores. El sistema de doble cámara orientado hacia atrás incluye una lente ultra ancha y lente gran angular. Las bobinas cambiantes inalámbricas dentro del teléfono incluyen MagSafe para la alineación magnética y la conexión de cargadores y accesorios. El conector Lightning actualizado admite una carga más rápida a través de USB-C. ',
       599.00, 'OLED Retina *2.532 x 1.170 píxeles, *Super Retina XDR, 19.5:9 *460ppp *True-tone', 'Apple A14 Bionic, 5nm NPU Neural Engine de 4ª gen', 'Principal: 12MP, f/1.6, OIS, QuadLED flash *Secundaria gran angular: 12MP, f/2.4 *Vídeo: 4K Dolby Vision, 1080p/240fps, HDR',
        'iOS 14', 'Carga rápida 18W e inalámbrica MagSafe 15W', 'Compatible 5G', '4 GB');
insert into categoria_producto(nombre_producto, imagen_1,imagen_2, imagen_3, imagen_4, categoria, descripcion, precio, tamano_pantalla, modelo_chip, camara, sistema_operativo, bateria, conectividad, ram)
        values ('iPhone 12 Mini', 'https://i5.walmartimages.com/asr/3918418c-63b8-4514-88f6-77c1ed8ef2dc.81dbe823263b12c8999f50ff4f455887.jpeg?odnHeight=612&odnWidth=612&odnBg=FFFFFF',
        'https://i.ebayimg.com/images/g/3h8AAOSwLXhkAPxw/s-l1600.jpg', 'https://i.ebayimg.com/images/g/0t0AAOSwg2VkAP27/s-l1600.jpg',
        'https://www.apple.com/newsroom/images/product/iphone/standard/apple_iphone-12_new-design_10132020_big.jpg.large.jpg',
        'Iphone','El Apple iPhone 12 mini es la variante más pequeña de la serie iPhone 12. Con una pantalla OLED de 5.4 pulgadas, el iPhone 12 mini está potenciado por el chip A14 Bionic, con opciones de 64GB, 128GB o 256GB de almacenamiento interno. La cámara principal es dual, de 12MP + 12MP y la cámara selfie es de 12 megapixels, utilizándose también para el reconocimiento de rostro Face ID. Corriendo iOS 14, el iPhone 12 mini también cuenta con conectividad 5G, resistencia al agua, parlantes stereo, y todos los servicios de Apple.',
        314.10, 'OLED de 5.4 pulgadas (diagonal) sin marco *Resolución de 2340 x 1080 pixeles a 476 ppi *Pantalla HDR', 'Chip A14 Bionic *CPU de 6 núcleos con 2 núcleos de rendimiento y 4 de eficiencia *GPU de 4 núcleos-Neural Engine de 16 núcleos',
        'Sistema de dos cámaras de 12 MP: ultra gran angular y gran angular', 'iOS 14', '2227 mAh', 'Compatible 5G', '4 GB');
insert into categoria_producto(nombre_producto, imagen_1,imagen_2, imagen_3, imagen_4, categoria, descripcion, precio, tamano_pantalla, modelo_chip, camara, sistema_operativo, bateria, conectividad, ram)
        values ('iPhone 13', 'https://pisces.bbystatic.com/image2/BestBuy_US/images/products/6417/6417788_sd.jpg;maxHeight=640;maxWidth=550',
        'https://pisces.bbystatic.com/image2/BestBuy_US/images/products/6417/6417788cv14d.jpg;maxHeight=2000;maxWidth=2000', 'https://pisces.bbystatic.com/image2/BestBuy_US/images/products/6417/6417788cv13d.jpg;maxHeight=2000;maxWidth=2000',
        'https://pisces.bbystatic.com/image2/BestBuy_US/images/products/6417/6417788cv12d.jpg;maxHeight=2000;maxWidth=2000',
        'Iphone','El Apple iPhone 13 representa una actualización menor del iPhone 12. Conservando la pantalla OLED de 6.1 pulgadas, el iPhone 13 cuenta con un procesador Apple A15 Bionic, con opciones de almacenamiento de 128GB. 256GB. o 512GB. La cámara principal del iPhone 13 es dual, con lentes wide y ultrawide de 12MP con IBIS y zoom óptico 2x, y la cámara frontal es de 12MP. El iPhone 13 tiene parlantes stereo, soporta carga rápida tanto por cable como inalámbrica, es resistente al polvo y agua, y soporta redes 5G.',
        699.00, 'Super Retina XDR OLED de 6,1 pulgadas *Resolución FullHD+ (2.532 x 1.170 píxeles) *460 ppp *True-Tone', '*Apple A15 Bionic *GPU cuatro núcleos *Neural Engine',
        '12 MP f/1.6, OIS *Gran angular: 12 MP f/2.4, 120º FOV *Vídeo: 4K Dolby Vision', 'iOS 15', '3.227 mAh *Carga rápida 20W *Carga inalámbrica 7,5W *Carga MagSafe 15W', 'Compatible 5G', '4 GB' );

insert into categoria_producto(nombre_producto, imagen_1,imagen_2, imagen_3, imagen_4, categoria, descripcion, precio, tamano_pantalla, modelo_chip, camara, sistema_operativo, bateria, conectividad, ram)
        values ('iPad Pro 12.9', 'https://store.storeimages.cdn-apple.com/4982/as-images.apple.com/is/refurb-ipad-pro-12-wifi-spacegray-2021?wid=1144&hei=1144&fmt=jpeg&qlt=90&.v=1674663706569',
        'https://mrphonerepair.co.uk/wp-content/uploads/2023/02/ipad-pro-12-PRICE-IN-PAKISTAN-300x300.png', 'https://encrypted-tbn0.gstatic.com/images?q=tbn:ANd9GcSNJ4LA4CZEnvZic7t78gKA51HxSZaTKuHcPQCyQJq2SGAEOf8vRNfxguprHR5b_-WUkwA&usqp=CAU',
        'https://m.media-amazon.com/images/I/71brAk7Sc2L._AC_UF1000,1000_QL80_.jpg',
        'Ipad','iPad Pro. Con un rendimiento extraordinario, conectividad inalámbrica superrápida y la experiencia de Apple Pencil de última generación. Además, potentes características nuevas de productividad y colaboración con iPadOS 16. iPad Pro es el mejor iPad.',
        1099.30, '"Liquid Retina XDR" miniLED de 12,9 pulgadas *Resolución 2.732 x 2.048p *600 nits de brillo con picos de 1.000 nits en contendo de alto rango dinámico *120 Hz de tasa de refresco',
        'Apple M2', 'Principal: 12 Mpx *Gran angular: 12 Mpx *Sensor LiDAR *Flash TrueTone', 'iPadOS 16', '10.758 mAh *Carga rápida de 18 W (cargador incluido)', 'WiFi 6E *Bluetooth 5.0 *5G (en versión GPS+Cellular)', '16 GB');
insert into categoria_producto(nombre_producto, imagen_1,imagen_2, imagen_3, imagen_4, categoria, descripcion, precio, tamano_pantalla, modelo_chip, camara, sistema_operativo, bateria, conectividad, ram)
        values ('iMac 24', 'https://store.storeimages.cdn-apple.com/4982/as-images.apple.com/is/imac-24-blue-cto-hero-202104?wid=1254&hei=1132&fmt=jpeg&qlt=90&.v=1617479508000',
        'https://i.blogs.es/805829/apple_new-imac-spring21_hero_04202021_full-bleed-image.jpg.large_2x/1366_2000.jpg', 'https://www.muycomputer.com/wp-content/uploads/2021/04/imac.jpg',
        'https://media.guitarcenter.com/is/image/MMGS7/L86162000000000-00-2000x2000.jpg',
        'Mac','Experimente la potencia y el rendimiento del chip Apple M1 con el iMac Green Apple de 24" . El Apple M1 integra la CPU, GPU, Neural Engine, I/O y más en un solo sistema en un chip (SoC). Aborde sus proyectos con la rápida CPU de 8 núcleos y emprenda aplicaciones y juegos con uso intensivo de gráficos con la GPU de 7 núcleos. Acelere las tareas de aprendizaje automático con el motor neuronal de 16 núcleos. Combinado con RAM y SSD, podrá aprovechar al máximo de macOS y otras aplicaciones de Apple. El iMac no solo es más potente, sino que también cuenta con un rediseño completo. Con un grosor de solo 11,5 mm, el iMac de Apple tiene un perfil lateral llamativo y un diseño compacto.',
        1299.30, 'Retina 4.5K de 24 pulgadas *4.480 x 2.520 píxeles (218 ppp) *500 nits, gama cromática alta, True Tone', 'Chip M1 de Apple (CPU de 8 núcleos) *GPU de 7 núcleos / 8 núcleos (según modelo) *Neural Engine de 16 núcleos',
        'FaceTime HD a 1080p', 'macOS Big Sur', '143 W Toma Gigabit Ethernet', 'Wi-Fi 6, Bluetooth 5.0', '8 GB');

insert into producto(numero_serie, fecha_ingreso, color, cantidad_memoria, categoria_producto)
        values ('lksjfl45654dfs45', '2022-05-05', 'Black', '16 GB', 1);

insert into producto(numero_serie, fecha_ingreso, color, cantidad_memoria, categoria_producto)
        values ('kjfssdf65sdsfg45', '2022-05-05', 'White', '16 GB', 1);
insert into producto(numero_serie, fecha_ingreso, color, cantidad_memoria, categoria_producto)
        values ('lksj543565dfss45', '2022-05-05', 'Black', '32 GB', 1);

insert into producto(numero_serie, fecha_ingreso, color, cantidad_memoria, categoria_producto)
        values ('kjf4545455ssdf45', '2022-05-05', 'White', '32 GB', 1);

insert into producto(numero_serie, fecha_ingreso, color, cantidad_memoria, categoria_producto)
        values ('kjf4545455ssdf45', '2022-05-05', 'Purple', '64 GB', 1);
insert into producto(numero_serie, fecha_ingreso, color, cantidad_memoria, categoria_producto)
        values ('kjf4545455ssdf45', '2022-05-05', 'Red', '64 GB', 1);

insert into producto(numero_serie, fecha_ingreso, color, cantidad_memoria, categoria_producto)
        values ('lksjfl45654dfs45', '2022-05-05', 'Black', '16 GB', 2);

insert into producto(numero_serie, fecha_ingreso, color, cantidad_memoria, categoria_producto)
        values ('kjfssdf65sdsfg45', '2022-05-05', 'White', '16 GB', 2);
insert into producto(numero_serie, fecha_ingreso, color, cantidad_memoria, categoria_producto)
        values ('lksj543565dfss45', '2022-05-05', 'Black', '32 GB', 1);

insert into producto(numero_serie, fecha_ingreso, color, cantidad_memoria, categoria_producto)
        values ('kjf4545455ssdf45', '2022-05-05', 'White', '32 GB', 2);

insert into producto(numero_serie, fecha_ingreso, color, cantidad_memoria, categoria_producto)
        values ('kjf4545455ssdf45', '2022-05-05', 'Purple', '64 GB', 2);
insert into producto(numero_serie, fecha_ingreso, color, cantidad_memoria, categoria_producto)
                values ('kjf4545455ssdf45', '2022-05-05', 'Red', '64 GB', 2);

INSERT INTO `categoria_producto` (`nombre_producto`, `imagen_1`, `imagen_2`, `imagen_3`, `imagen_4`, `precio`, `categoria`, `descripcion`, `tamano_pantalla`, `modelo_chip`, `camara`, `sistema_operativo`, `bateria`, `conectividad`, `ram`) VALUES ('iPad (9na Generacion)', 'https://support.apple.com/library/APPLE/APPLECARE_ALLGEOS/SP849/sp849-ipad-9gen-480.png', 'https://t3mag.lat/wp-content/uploads/2021/09/iPad-10.2-min.jpeg', 'https://www.att.com/scmsassets/global/devices/tablets/apple/ipad-9th-generation-(2021)/carousel/space-gray/6209D-3.jpg', 'https://ishop.gt/cdn/shop/products/Sin_titulo_2_5b9f3e63-9622-4232-8ec2-61c42e4b45b8_1200x.jpg?v=1669418179', '412.50', 'Ipad', 'Potente, fácil de usar y versátil. El  iPad está diseñado para que hagas todo lo que te gusta. Trabaja, juega, crea, aprende, mantente en contacto y mucho más. Todo por menos de lo que imaginas.', 'IPS 10,2 pulgadas Retina *2.160 x 1.620 px, 264 ppp, 500 nits *Pantalla True Tone', 'Apple A13 Bionic', 'Camara Trasera 8 MP f/2.4 *Camara Frontal 12 MP ', 'iPadOS 15', 'Adaptador USB-C de 20 W', 'Wi‑Fi 5 (802.11ac) con MIMO 2x2; velocidades de hasta 866 Mbps *Bluetooth 4.2', '3 GB');
INSERT INTO `categoria_producto` (`nombre_producto`, `imagen_1`, `imagen_2`, `imagen_3`, `imagen_4`, `precio`, `categoria`, `descripcion`, `tamano_pantalla`, `modelo_chip`, `camara`, `sistema_operativo`, `bateria`, `conectividad`, `ram`) VALUES ('iPad Air', 'https://pisces.bbystatic.com/image2/BestBuy_US/images/products/5985/5985620_sd.jpg', 'https://pisces.bbystatic.com/image2/BestBuy_US/images/products/4906/4906404_rd.jpg', 'https://images.macrumors.com/t/LOxEBazsGc3XHzLgq8i_nH_DveQ=/1600x/article-new/2019/03/ipad-air-2022-roundup-header.png', 'https://i.kinja-img.com/gawker-media/image/upload/c_fit,f_auto,g_center,q_60,w_645/53bf9fcad0491fe0354e043d5a89a162.jpg', '769.70', 'Ipad', 'El iPad Air te sumerge de lleno en todo lo que haces. La pantalla Liquid Retina de 10.9 pulgadas viene con tecnologías avanzadas como True Tone, amplia gama de colores P3 y revestimiento antirreflejo para que leas, trabajes y veas tus películas favoritas como nunca.', '10,9 pulgadas *2.360 x 1.640 píxeles (264 ppp) *True Tone, 500 nits *Gama cromática amplia (P3) *Película antirreflectante', 'Chip M1 de Apple *CPU: 8 núcleos *GPU: 8 núcleos *Neural Engine de Apple', 'Camara Trasera 12MP f/1.8 *Camara Frontal 12 MP f/2.4', 'iPadOS 15', '28,6 Wh *Hasta 10 horas', 'Wifi 6 *Bluetooth 5.0', '8 GB');
INSERT INTO `categoria_producto` (`nombre_producto`, `imagen_1`, `imagen_2`, `imagen_3`, `imagen_4`, `precio`, `categoria`, `descripcion`, `tamano_pantalla`, `modelo_chip`, `camara`, `sistema_operativo`, `bateria`, `conectividad`, `ram`) VALUES ('iPad mini', 'https://store.storeimages.cdn-apple.com/4982/as-images.apple.com/is/ipad-mini-finish-unselect-gallery-2-202207_FMT_WHH?wid=1280&hei=720&fmt=p-jpg&qlt=95&.v=1654903884457', 'https://www.apple.com/la/ipad-mini/images/overview/pillars/hero_spin_startframe__fgkx10c9a22y_large.png', 'https://m.media-amazon.com/images/I/71zMHkHX6rL.jpg', 'https://support.apple.com/library/APPLE/APPLECARE_ALLGEOS/SP850/sp850-ipad-mini-6gen-480_2x.png', '649.70', 'Ipad', 'El totalmente iPad mini 6 ahora ofrece acceso a la red 5G . Con Wi-Fi 6 ahora en el iPad mini, ten la seguridad de que tendrás conexión superrápida cuando te diviertas con juegos, te comuniques con amigos cuando estás afuera o mantengas a los niños entretenidos.', '8,3 pulgadas Liquid Retina *500 nits *2.266 x 1.488 px', 'Apple A15 Bionic', 'Camara Trasera 12MP f/1.8 *Camara Frontal 12 MP gran Angular', 'iPadOS 15', 'litio de 19,3 Wh', 'USB-C *WiFi 6 *Modelo 5G ', '3 GB');
INSERT INTO `categoria_producto` (`nombre_producto`, `imagen_1`, `imagen_2`, `imagen_3`, `imagen_4`, `precio`, `categoria`, `descripcion`, `tamano_pantalla`, `modelo_chip`, `camara`, `sistema_operativo`, `bateria`, `conectividad`) VALUES ('MacBook Air 15', 'https://store.storeimages.cdn-apple.com/4982/as-images.apple.com/is/macbook-air-spacegray-select-20220606?wid=986&hei=980&fmt=jpeg&qlt=90&.v=1653084303733', 'https://www.apple.com/newsroom/images/product/mac/standard/Apple_new-macbook-air-new-magic-keyboard_03182020_inline.jpg.large.jpg', 'https://www.apple.com/v/macbook-air-m1/e/images/overview/magic_keyboard__pewz4toce72a_large_2x.jpg', 'https://images.macrumors.com/t/tOZibalfNl5uSxP8qAb1DYIL5Ds=/1600x900/smart/article-new/2023/06/MacBook-Air-15-Inch-Feature-Teal.jpg', '1299.00', 'Mac', 'La nueva MacBook Air de 15 pulgadas tiene una gran pantalla Liquid Retina con espacio de sobra para todo lo que te gusta hacer. Vienen con los superpoderes del chip M2, tienen un rendimiento fuera de serie y ofrecen hasta 18 horas de batería. Todo en un diseño ultraportátil que te acompaña en todas tus aventuras.', 'LCD IPS Liquid Retina de 15,3 pulgadas *2.880 x 1.864 píxeles *500 nits', 'Apple M2 con 8 núcleos de CPU y 10 núcleos de GPU', 'FaceTime HD 1080p', 'Actualizable a macOS 14 Sonoma', 'Batería de 66,5 vatios hora *Hasta 18 h de autonomía', 'WiFi 6 *Bluetooth 5.3');
INSERT INTO `categoria_producto` (`nombre_producto`, `imagen_1`, `imagen_2`, `imagen_3`, `imagen_4`, `precio`, `categoria`, `descripcion`, `tamano_pantalla`, `modelo_chip`, `camara`, `sistema_operativo`, `bateria`, `conectividad`, `ram`) VALUES ('MacBook Pro 16', 'https://www.apple.com/v/macbook-pro-14-and-16/b/images/overview/hero/hero_intro_endframe__e6khcva4hkeq_large.jpg', 'https://www.macworld.com/wp-content/uploads/2023/02/16-inch-macbook-pro-2023-angle.jpg?quality=50&strip=all', 'https://dt7v1i9vyp3mf.cloudfront.net/styles/news_large/s3/imagelibrary/A/AppleMacBookPro_01-dlE0yi9Apn22g9cm.GbmOLn6IFP4UKZ3.jpg', 'https://photos5.appleinsider.com/gallery/45240-88149-The-new-MacBook-Pro-16-inch-xl.jpg', '2499.00', 'Mac', 'La MacBook Pro estrena una potencia y una eficiencia sin precedentes de la mano de los chips M2 Pro y M2 Max. Tiene un rendimiento fuera de serie, incluso cuando no está conectada a la corriente. Una batería que te acompaña por más tiempo. Una espectacular pantalla Liquid Retina XDR. Y todos los puertos que necesitas. Esta laptop es tan pro que parece sacada de otro planeta.', 'Liquid Retina XDR16,2 pulgadas, 3.456 x 2.234 píxeles (254 ppp) *1.600 nits de brillo máximo *Tecnología ProMotion 120 Hz', 'Chip M2 Pro de Apple (CPU de 12 núcleos, GPU de 19 núcleos, 200 GB/s de ancho de banda de memoria)', 'FaceTime HD a 1080p', 'macOS Vent', '100 Wh *Adaptador USB-C de 140 W *Cable de USB-C a MagSafe3 *Carga rápida', 'WiFi 6 *Bluetooth 5.3', '16/32/64/96 GB de memoria unificada');
INSERT INTO `categoria_producto` (`nombre_producto`, `imagen_1`, `imagen_2`, `imagen_3`, `imagen_4`, `precio`, `categoria`, `descripcion`, `modelo_chip`, `sistema_operativo`, `conectividad`, `ram`) VALUES ('Mac mini', 'https://cdn.vox-cdn.com/thumbor/q51pj08Cphl_yznPTg_707lKCb4=/0x0:2040x1360/2400x1356/filters:focal(1257x690:1258x691)/cdn.vox-cdn.com/uploads/chorus_asset/file/24371479/236494_Mac_mini__2023__AKrales_0031.jpg', 'https://www.01net.com/app/uploads/2023/03/Mac-Mini-2023_00.jpg', 'https://www.letemsvetemapplem.eu/wp-content/uploads/2019/02/macmini10-565x300.jpg', 'https://rentry.jp/note/wp-content/uploads/2023/05/108583-720x479.jpg', '718.85', 'Mac', 'Esta pequeña pero poderosa máquina es apta tanto para el uso cotidiano como para actividades que requieren de más potencia. Excelente rendimiento. Fácil configuración.', 'Apple M2 Pro *10/12 núcleos *GPU 16/19 núcleos', 'macOS', '1 x Gigabit Ethernet *4 x Thunderbolt / USB 4 *1 x HDMI 2.0 *2 x USB-A *1 x 3,5 mm', '16 GB');
INSERT INTO `categoria_producto` (`nombre_producto`, `imagen_1`, `imagen_2`, `imagen_3`, `imagen_4`, `precio`, `categoria`, `descripcion`, `tamano_pantalla`, `modelo_chip`, `camara`, `sistema_operativo`, `bateria`, `conectividad`, `ram`) VALUES ('iPhone 14 pro Max', 'https://istore.gt/wp-content/uploads/2022/10/EC00141.jpg', 'https://store.storeimages.cdn-apple.com/4982/as-images.apple.com/is/iphone-14-pro-finish-unselect-gallery-1-202209_GEO_US?wid=5120&hei=2880&fmt=p-jpg&qlt=80&.v=1660754213416', 'https://pisces.bbystatic.com/image2/BestBuy_US/images/products/6487/6487406_sd.jpg;maxHeight=640;maxWidth=550', 'https://i5.walmartimages.com/asr/6fc6d903-bd62-4b53-99dd-ccce7bb90817.6f8205083bd9f64f599f2d309300bd85.jpeg', '1099.00', 'Iphone', 'Diseñado para resistir tu día a día, frente de Ceramic Shield, más resistente que cualquier vidrio de smartphone, resistencia al agua, acero inoxidable de calidad quirúrgica, además la pantalla siempre activa te permite tener información a la vista sin siquiera tocar la pantalla bloqueada.', 'Super Retina XDR 6,7 pulgadas *True Tone, HDR *ProMotion 120 Hz *2.778 x 1.284 px, 458 ppp *2.000 nits, contraste *2.000.000:1 *Pantalla siempre activa *Isla dinámica', 'Apple A16 Bionic', 'Principal:48MP, f/1.78, 24mm, Sensor Shift de segunda generación *Ultra angular: 12MP, f/2.2, 13mm *Teleobjetivo: 12MP, f/2.8, 77mm, OIS\n', 'iOS 16', ' 4.323 mAh *Carga rápida 20W *Carga inalámbrica 15W', '5G (sub-6 GHz) *LTE Gigabit con MIMO 4x4 y LAA *Wifi 802.11ax (6.ª gen.) con MIMO 2x2 *Bluetooth 5.3 *Chip de banda ultraancha *NFC', '6 GB');

